,contrast_0,contrast_45,contrast_90,contrast_135,correlation_0,correlation_45,correlation_90,correlation_135,homogeneity_0,homogeneity_45,homogeneity_90,homogeneity_135,energy_0,energy_45,energy_90,energy_135,label
0,725.003506787421,948.8509644505505,1024.3028732638052,1014.0007512930221,0.7268942851892046,0.6407173184178745,0.6120960531039409,0.6160543937276507,0.0946940954303666,0.08386012242365501,0.08102729585314417,0.08076692855021644,0.014804689502044787,0.01373288249301446,0.013410972325784691,0.013546701217136846,precancer
1,1284.3697634647604,1491.4595407482527,1381.9864405558899,1415.3230963327674,0.8017696132020806,0.7695884449045354,0.7866057354597038,0.7813502920609413,0.1007038722459519,0.09788659676178474,0.09773315352204359,0.094328052888832,0.027501703790628742,0.026961938641249617,0.027056596772232964,0.026779408456655475,precancer
2,302.1936458333177,325.56832397616216,235.57989615966247,274.641449820638,0.8855575552927019,0.8768091104256643,0.910820184497765,0.8960784273229675,0.19035812415287517,0.18640552656875306,0.20241573620185127,0.19230084009494083,0.04512768879440852,0.04502298400827054,0.046053765921684156,0.04534752794254426,precancer
3,1362.675595306799,1321.026351292572,1068.3823406742365,1414.8280720398643,0.785087831251257,0.7916568020030089,0.8315406553007304,0.776863280976305,0.1378093578068123,0.13875037372058358,0.14588276424571128,0.137702669755907,0.042608119166232056,0.04284895993312923,0.04355746456279965,0.042853824931952084,precancer
4,578.0683089253191,706.4809250100386,575.6966431911462,592.0549410028801,0.8432862274952466,0.8078623942892746,0.8434204082975221,0.8389821862052455,0.1094703449151484,0.10290462760310856,0.10993660986400305,0.10774425747232019,0.020737224237259523,0.020137364336083083,0.020524091052407687,0.020537474858457156,precancer
5,1274.3994897371342,1513.9377400369235,1524.8185389366224,1631.6013071894547,0.7866474205281938,0.7467196895711674,0.745547717176057,0.7270362005123465,0.09360438557274943,0.08656148537066047,0.09063197233067677,0.08957513644515595,0.03204179562558581,0.03135189807934599,0.03219382526667214,0.03178847341243248,precancer
6,772.6100697648249,906.4606201918823,875.5096208797773,944.4902633175732,0.7539234806076294,0.7110888508776574,0.721740410297673,0.6989751267814492,0.08098219784322017,0.07337688624324093,0.07518872727943152,0.07130995255516213,0.012473911559353918,0.011867508799446994,0.012092312584865657,0.011835327180927035,precancer
7,1007.0229153437662,1363.858746168011,1326.808242043402,1343.1473762217809,0.8254660211829921,0.7634297450137334,0.7699481782352443,0.7670224706948928,0.09153914016339913,0.07939747965792897,0.07967015802532317,0.07963690668084739,0.021373129572743933,0.020260395778450478,0.020171437438412366,0.020219288717188033,precancer
8,1312.6422120041636,1482.0215078950894,1554.0510809328011,1670.2996110242623,0.7680953176953738,0.7378550134553392,0.7254869131525209,0.7045507749512232,0.11699530485732151,0.10836116573751657,0.11141206287318099,0.11101189400270112,0.046634063907399464,0.045831579418855,0.046428953377756224,0.04615009386789695,precancer
9,632.9979315613788,573.5338372664015,448.9445621428257,637.8647181733262,0.869508220192799,0.8818261764958526,0.907470438473071,0.8685714971488505,0.17061703920190885,0.17307156010717084,0.18016979827849855,0.16931538290290404,0.048202650034416726,0.04833669489905435,0.04861529132428182,0.04813585187107673,precancer
10,599.5198851188069,580.1969735090773,507.6021928938461,644.2085466191435,0.8978685416152105,0.9011981521637283,0.9136023201239322,0.89029698714969,0.18495911370737617,0.18648046528840714,0.1889343976097137,0.18142279068908607,0.054130742930974224,0.05423715778734106,0.05442224346650988,0.053962557532788204,precancer
11,1079.1385789034582,1353.8377805249868,1279.3579049529467,1337.3278377868337,0.7021017238079647,0.626039772140136,0.6469213275362125,0.6306069965761519,0.06222137970804335,0.05583417766384121,0.05608042726327517,0.05408011495040653,0.009605182665076815,0.009141809680939767,0.009192366936313232,0.00906973779766247,precancer
12,1486.4380671294894,1437.944733378503,1191.3599866575325,1517.8143054327568,0.3747029265575677,0.3936434785128612,0.4981407239634102,0.360065898743085,0.04052858168087426,0.04036547068241263,0.04520633315846505,0.03968559094974371,0.009235498303026212,0.009235265384750533,0.009569170485712306,0.009232996961698658,precancer
13,1598.4216141029287,1801.693732286178,1725.617965998938,1959.7521928680467,0.6975622336175537,0.6593181798401897,0.674032821377423,0.6294313821121571,0.09415022220332687,0.09157694257888538,0.09735659607979297,0.09279809667175164,0.020633174195396176,0.020611504900580016,0.021003448774275915,0.020658383133768807,precancer
14,978.5327108799077,1012.0080267798983,890.7795791722224,1064.590042078632,0.7907617009291872,0.7836593295136867,0.8100363555064596,0.7724222967971347,0.09823638430885295,0.09532968390008187,0.09986551976989748,0.09410389090641387,0.016213653770115143,0.01609059476532058,0.016484217680399642,0.015994466543472613,precancer
15,1193.6361140045008,1221.8246691982806,1025.088600765899,1114.249612705723,0.5124843107779726,0.5007448947954387,0.5831895071225432,0.5446940982681816,0.06118807673903842,0.060289369174170784,0.06954794471445826,0.06415483953068517,0.011182195395327678,0.011072953441128502,0.011798033450171747,0.011346593379565641,precancer
16,926.2010503471467,912.8051443182255,742.2799773756541,889.231782602712,0.6501483853565568,0.6551371992883559,0.7197219047126827,0.6640444561716267,0.1117165797736308,0.11106059719422284,0.12157898599825598,0.11417711865929019,0.026553255443546777,0.026625373162839163,0.027711708225190566,0.026849321891159232,precancer
17,534.2180150462618,575.5679308577846,406.0000203040061,455.86078949823514,0.7878130613488258,0.7709185427845189,0.8390349604947314,0.8185554910476789,0.11593027410294397,0.11064371576854239,0.12997283764741815,0.12550162160404202,0.023657277170402117,0.023466201904588826,0.024810187106287154,0.02432165533111876,precancer
18,1491.2080642359863,1456.4482306761975,1137.6899727347773,1407.0829159485115,0.5348567612980685,0.5464169986724059,0.6460827570224139,0.5617910372198217,0.1379137028808547,0.1364750208837523,0.14701700883382118,0.13856241634731492,0.035377337894036895,0.03533779137487783,0.03652568783562159,0.03544120090867477,precancer
19,1971.4321730322172,1917.9580266041353,1554.4216498435505,1874.0325531148765,0.3716123595569798,0.38888779522857675,0.505141261279,0.40288633838442034,0.08411754861541991,0.08456178168289337,0.0960311277199236,0.08697050784169708,0.018402450547950408,0.018529865510659355,0.019779919267297892,0.01872800038084986,precancer
20,760.8926206469617,760.589797703659,589.6296029844909,777.6666695585883,0.8154300899870364,0.8155410341497402,0.8570118116202416,0.8114022573552707,0.1564917754054884,0.15800195871511766,0.1680729972188398,0.15588672123980984,0.027620265889691825,0.0274629728148732,0.02846805696411273,0.02776244851290207,precancer
21,1116.3277083332305,1110.221858547393,871.6077416174646,1046.3956605554908,0.7210619162049486,0.7227114268988476,0.7829377806526272,0.7386555144899017,0.08985430382366115,0.0913746675885476,0.10515249354410229,0.09315797825935877,0.017326511867820398,0.017577151498634112,0.018932706251152377,0.017683344461054084,precancer
22,1086.4738078702687,1131.1105973071283,941.6611410837633,1064.660034128617,0.6534361998991657,0.6393303130504521,0.6998533381711993,0.6605162197808427,0.12328441141969522,0.121981451143523,0.12790643531225235,0.12366181176888008,0.02689562491651126,0.026736162500088843,0.027428427820075867,0.026918906087961533,precancer
23,1230.1708883100864,1156.9091285003276,987.252317554338,1219.9792054932698,0.44006408447148754,0.4734215182970463,0.5525401744401695,0.44467653169434795,0.057880380547910656,0.06177041480924856,0.06864786019901462,0.057982004310585325,0.01077838250369745,0.01103932988392197,0.011515182649365067,0.01071347461596107,precancer
24,947.8948987267839,991.0276318549146,903.1359902541772,956.2905203141067,0.5553125674189326,0.5339264921521683,0.5749356036176149,0.5502372815553815,0.06610271391607402,0.06028238049012243,0.0654554096851924,0.07058559184492667,0.012244106441958922,0.011862583792375005,0.012210930607978877,0.012457554234069025,precancer
25,857.7538132784674,985.9783583490864,1012.8127561623339,1132.4190272714866,0.7979519478982956,0.7663599833884319,0.7600152809266514,0.731659438385719,0.08215857402579368,0.07213214530742515,0.07136372439403134,0.07082641705042121,0.011381418453012151,0.010845517949124611,0.010842392598409538,0.010775641848491306,precancer
26,1099.8153269674772,1106.2503814705426,1010.0644361296156,1101.8600498533444,0.658163539612097,0.6567805417533185,0.686852030064368,0.6581562948059894,0.18249404918767168,0.18119075963548373,0.1839853663656324,0.18186374502884653,0.0501405214760201,0.05014539249451812,0.05059649274204999,0.05021768748578741,precancer
27,1018.733828124893,1060.053239878042,965.6256845342957,1045.423569049174,0.4893286537206028,0.46821036669258637,0.5153837537075115,0.47553907445701904,0.06167342727963054,0.05788878291529763,0.06247950327582422,0.06090744628050144,0.012319763769866812,0.012028472998412353,0.012321104968394244,0.012233002819229583,precancer
28,1849.685005786879,2042.4465504591542,1848.3279179721037,1853.3150916696045,0.4937534666408407,0.4401243109606924,0.49277711681844966,0.4919820188503476,0.07825107834544609,0.07519825386816675,0.08032948854205901,0.07891615853057798,0.01776353948762366,0.0175604833761871,0.01830266211956326,0.018003244090889877,precancer
29,1268.51675636568,1293.6506691749432,1022.0413708087507,1088.027474607537,0.5573141767404928,0.5489347470883378,0.6440739255798732,0.6206333433174411,0.1128397530648406,0.11356425318397517,0.12064999879762738,0.11430763012794233,0.032171284317171714,0.032299391553765364,0.03285670926756701,0.031999725035947564,precancer
30,896.7599103008934,826.304294017657,670.7938217891167,897.1915331035252,0.7170308024594294,0.7391118641707034,0.7881151569526971,0.7167328478581546,0.1375016935898382,0.13993744263685426,0.1490515021856846,0.1380912759448621,0.03690503316996692,0.03732428276173985,0.03796343130031486,0.03712408927104501,precancer
31,1093.7334171760008,1312.102971542487,1079.2538821220433,1134.6209540747457,0.6726917924235535,0.6075025374928077,0.6776723039572636,0.6605917330596135,0.09411172473366283,0.09096952777138904,0.09876439768915074,0.09297743620885361,0.01705157248755724,0.01690090404833137,0.017575631078179475,0.01702717810893809,precancer
32,1388.862213541606,1323.4740338024153,1174.8502900569279,1456.5053959139702,0.3713055615512746,0.4025946506941809,0.4707058508023532,0.3425548292942219,0.0884362170719958,0.08936936797665342,0.09217974056164073,0.08452163923644887,0.01901641624756512,0.018948153112810437,0.019232881214289524,0.018529992500335702,precancer
33,425.4340773466758,418.7682218461827,357.76409830862343,449.5192434495068,0.626507838227236,0.6321572559079811,0.6855822427844419,0.6051501596317327,0.08699207619875049,0.08618564130733401,0.092767294579815,0.08324478473185146,0.01649422899113636,0.01647548673365982,0.017023472538263255,0.016208697191625814,precancer
34,1089.6975057869715,1062.7495136980756,1024.7298236455454,1140.1262259470477,0.5499879034945864,0.5608023127538839,0.5765488884276686,0.5288263476242835,0.07997219302643528,0.08495366632953343,0.08578148005324737,0.07617260775566868,0.015664754462440398,0.016036973062947348,0.016136850137373777,0.015276418624346887,precancer
35,743.2735751557253,818.74200503199,753.7263486405611,824.2755097170507,0.6641749001271193,0.6301869566482887,0.6595082419443685,0.6276872793973969,0.14075190474718718,0.13543898445110022,0.13869284033499568,0.13656164989019895,0.039236740989106886,0.03831829303514291,0.038531967501556026,0.03868727079449139,precancer
36,946.561223958295,986.2214275730819,849.7778280543636,919.0509452313728,0.6748247681044492,0.6610065248011907,0.7073969933590164,0.6840927812185497,0.1898610780102034,0.18735807434779,0.1927503150624171,0.18799193152759283,0.05178879507480806,0.051427612381845414,0.05200211130248065,0.05145243223337979,precancer
37,1444.1960300925084,1385.77610306118,1209.8685636385421,1488.2922121792005,0.49297098919397586,0.5139243662326888,0.5755468405059929,0.4779627906335936,0.08341826610457558,0.08261071552188999,0.08805131791620856,0.08338127396096416,0.014130778605800911,0.014037200068560091,0.014583030000751123,0.014065789071623504,precancer
38,695.7657500870724,842.0475207334176,858.347534722168,817.2793906956714,0.7487941491996618,0.6960434969041429,0.6904855682274738,0.7049862772493282,0.16237827662521645,0.14843432412012378,0.1487986684704957,0.15355425756436827,0.03813451248197249,0.03709232591742508,0.03687095562970973,0.03739225381751833,precancer
39,1133.6499392360097,1086.523680287123,913.38853985393,1176.706098867935,0.643861938337498,0.6571982931020757,0.711356622235644,0.6287454144882982,0.20344993387994056,0.20430431036604144,0.21215024361986512,0.20208554806287327,0.050240291064490586,0.05048410103368674,0.051396659034680256,0.05028827726173024,precancer
40,801.4188220711055,804.5563320607276,822.9226764994594,1022.1073753541237,0.813806985990612,0.8126592669528612,0.8085500145391545,0.7620084485002093,0.07606470730987853,0.07683324239093124,0.07243588156100216,0.06578929388646808,0.010429558512003901,0.01045363816441277,0.010217799625038507,0.009801231332196717,precancer
41,1906.5843923609405,1808.4262014864682,1508.7948137836538,1771.3174562038528,0.29002838930190306,0.3260696186421444,0.43782867235191897,0.3398696917289762,0.041925812938944096,0.04233731021917982,0.04740046786184591,0.043007654741566446,0.00899331157430338,0.009016310049649005,0.009353098939902153,0.009077823322320738,precancer
42,1592.4579398147034,1569.1831378420181,1365.00641895826,1496.3498899270005,0.6005299861163843,0.6067114085044072,0.6568583438563576,0.6249690139715586,0.2174424969379824,0.2174408327512443,0.22280479280744597,0.21867941436761326,0.06638501952744284,0.06662835832623917,0.06744111166033906,0.06671414794797435,precancer
43,1101.6085505074402,1128.9115955230372,929.5457022455818,1172.2710871072811,0.7435675699549976,0.7370395665924444,0.7834434051077172,0.7269383878231441,0.11460197319897492,0.11284056100602743,0.11648646613033699,0.11235575970255819,0.030725274511888563,0.030415661373422293,0.030421646834002093,0.030311360252146438,precancer
44,1249.9659374998735,1412.3498724550832,1274.2964410025832,1201.931201369925,0.4284137265274118,0.3550718748995311,0.4184593664726891,0.4512026761463027,0.04545724878445443,0.04167162376037172,0.045003914213283154,0.046414912416272436,0.010125497522133849,0.009860091158933021,0.010033273183191712,0.010120104589585878,precancer
45,1225.991073495252,1269.1354860691818,1139.2309258616094,1242.735728346585,0.5867783611983275,0.5717447641259225,0.6154504504740403,0.5806513449742963,0.12499842005750843,0.12251048608875363,0.1276207989644362,0.12346555769247614,0.03130797473207974,0.031106031808075488,0.03175347960531371,0.031226380030350494,precancer
46,940.4465917608916,986.4683425876618,844.0840378398768,956.4113265659173,0.6262533599686321,0.6077044727621758,0.6640086753964558,0.61965587205996,0.13737193806960588,0.1346875654112416,0.13863541726081763,0.13606922012492967,0.03740564974701445,0.03685404134623524,0.03758635614779776,0.03737908190777172,precancer
47,962.1787557869665,913.2719738620738,625.3271290173578,901.315362484353,0.6908419917386577,0.7063951406717717,0.7987253793459006,0.7102407127651517,0.15596000254656164,0.15750883039640023,0.1715594234272079,0.15625491406902003,0.0455834115359163,0.045954739938079386,0.04741263526147078,0.04579221351518225,precancer
48,1221.7910185184403,1064.7291414295291,1039.1483872840074,1332.8296749057515,0.6234037698506383,0.6719158238010985,0.6798499134577304,0.5893066091838188,0.09932549897855919,0.10635981410815964,0.10875729766040176,0.0951315604065767,0.024211898876499258,0.024878389918848505,0.025195723469358784,0.023956840392139373,precancer
49,1246.7347193286182,1253.7321436892373,1109.6442887806825,1189.9762381774167,0.6164459536604286,0.6132557769861461,0.6569733158682389,0.6329216334392843,0.15374770420327044,0.1540341151068852,0.15927302743171917,0.15445714593503931,0.04218194925903337,0.04219741278086663,0.04279877147284119,0.04215345941793773,precancer
50,1592.0763252313611,1626.8632938081219,1510.4960842326457,1608.87653461786,0.5706907279340409,0.5609971762489222,0.5923427202353686,0.5658466745118089,0.10580803892491382,0.10806375818753693,0.11017164257631737,0.1051019026660259,0.02700843145489209,0.027358669729800326,0.027633157142274677,0.026657981728783926,precancer
51,1538.3414496526289,1395.9902885199351,950.5356537882675,1492.0418860365985,0.5215272316388985,0.5656723807153562,0.7045805602373504,0.5357815593891593,0.08985080912980344,0.0923269001787949,0.1050981073534383,0.0900842220710369,0.01955046198021798,0.019800986912718286,0.020855351329392747,0.01957001557040372,precancer
52,1120.597664898568,1162.6099036958544,952.3777189285935,1165.2780792699277,0.7164348311543351,0.7054239614118218,0.7586536146460272,0.7047503048747431,0.12191141674647239,0.11774419065007295,0.12221014991334375,0.11846876148785164,0.03425683751151607,0.033852546757942775,0.03395322282930786,0.03381147053459183,precancer
53,1340.2741493054505,1302.6276528212652,1180.1306329041654,1367.1634178587833,0.5899166891405555,0.6017191839027191,0.63927612143542,0.5819985394255921,0.1310550170740327,0.1322240118318027,0.13596323581126893,0.13064418838951297,0.03893204672218514,0.03935464783316445,0.040016500315002375,0.0390991860994536,precancer
54,910.1095428240272,810.4377999348379,526.3414549252122,854.6496528910894,0.7215802462197072,0.7520152565022453,0.8387655579514516,0.7384864052726123,0.15665744556437103,0.15963759433732297,0.1722209792273173,0.15658970917230308,0.044062881639528255,0.04464513665764193,0.04571641144276685,0.04426236406164972,precancer
55,437.5575925925667,439.4596689652258,319.92681865647626,407.481386572268,0.8800857891050666,0.8794624669431713,0.9119847860965877,0.8882336021070731,0.25601031634886484,0.25528788019523935,0.26411260200101594,0.25434400602066454,0.07392546985173354,0.07398309511301715,0.07421122420567601,0.07361989206449167,precancer
56,671.2499218749556,657.273919070074,524.6940886414244,642.6156758142379,0.603662607753413,0.6117403798748804,0.6902388578175248,0.6203990855071099,0.1089409144970319,0.11083945910784275,0.12658960114607867,0.11190325932184517,0.02264848411719457,0.022969461504371756,0.02441119760269168,0.02290072373221754,precancer
57,825.9753790508686,786.6952342403772,551.4512356422366,751.0410648558602,0.7649381343946994,0.7761796081535259,0.8428697570699842,0.7863245173183218,0.15799268525519194,0.16162873225998797,0.18354759051371355,0.15982753252586865,0.037332068725191916,0.03757691308296728,0.0393267550089748,0.03752098648446642,precancer
58,877.7728530091938,905.5116246564448,805.3870141548481,874.6576725062286,0.5439451513884478,0.5301101267316668,0.5830055981759962,0.5461291720378448,0.09828696891639721,0.09604080312929145,0.10179684730140211,0.09802574118980092,0.01874497072074957,0.01880859768474597,0.019603639758648178,0.01885323336789666,precancer
59,605.3561579069973,889.5438079486161,861.1519357638555,774.2870696082147,0.7873944192526859,0.6874813699204023,0.697041881808859,0.7279931134704619,0.16114262174191088,0.14358538785142597,0.14502459128741518,0.14895397286438075,0.03793363648954367,0.036387876647137586,0.036297829812566795,0.036851650857811606,precancer
60,1284.4243383879627,1619.7040466480876,1643.6349412629947,1710.9686469719793,0.7864716647356434,0.7310297533663588,0.7280284402218598,0.7158714662262619,0.0741208262644269,0.06758868824919988,0.0696823665905108,0.06737070206144805,0.016493647778949832,0.016104665257215947,0.016817551445601906,0.016245168115065194,precancer
61,460.1853753459561,424.227845017015,257.94733374704714,414.11237925844904,0.9308398319390909,0.9362281682798389,0.9611887201649846,0.9377491758113866,0.2295222387073396,0.22984089390933923,0.24749555283623795,0.23158285015551183,0.06034536145314458,0.060292456045308127,0.06113063455294083,0.060584768988545264,precancer
62,793.3442725150579,716.52801926069,664.591200282875,884.7696989413969,0.8374261397737655,0.8532060207485155,0.8639687635751573,0.8187387072373646,0.13126635430271633,0.1338090876615472,0.1373350277705281,0.12709002300889,0.028516795738628316,0.028504310744035716,0.02883487815535389,0.02830688360690781,precancer
63,1668.6725545517363,1736.4363836830119,1175.8077317805355,1475.8718093872649,0.6720172912294827,0.657795200442324,0.7681766714359461,0.709149013996895,0.07188309226905262,0.06987027495850574,0.08176796805165087,0.07491767396542684,0.012622899259870073,0.012356825880680987,0.012994801034333448,0.012658006166717077,precancer
64,715.6733827260506,749.7784465555277,505.0140340876419,648.3191205389946,0.7426944903405015,0.7302731677580979,0.8182839231092178,0.7667712567080226,0.15836555496938076,0.15729656374296705,0.16560112453002496,0.1592998220735677,0.04572152993440266,0.045417181143418583,0.04596990474647256,0.04577387894411809,precancer
65,1010.4525722152583,1327.8481180228396,1277.7196205911453,1300.7152835616116,0.744424895458985,0.6640383178917806,0.6768842384956292,0.6709041229777806,0.05869521769432125,0.04986161681586806,0.04879784057441421,0.04842607561645026,0.008721081126999083,0.008116172344800728,0.008085296730764763,0.008079322053849213,precancer
66,875.7284399504553,845.7316480130718,675.9751024649455,887.8020663426618,0.7786501964430397,0.7861018326025814,0.8291195682419745,0.7754668990220865,0.10334106576385235,0.1053379339595711,0.11563988957154751,0.10261299087005471,0.022574734285896906,0.022786543151020824,0.023429838992225827,0.022568659575254335,precancer
67,924.5563723085116,920.2733558908926,958.4663046299182,1134.7653934581072,0.8290347192499014,0.8296574942698057,0.8224866343341206,0.7899528556129899,0.13592870225977183,0.13436810980019237,0.13513669540227827,0.13037232596469345,0.03369756135869493,0.03330171893668554,0.033283924150944416,0.033258932768105126,precancer
68,1118.9181886573,1214.661880329068,1063.508898944322,1040.5640724736852,0.578078149583227,0.5422304770645475,0.599690319634664,0.6078193512386663,0.04882694085377125,0.04675907187812328,0.0511126500302444,0.051160720331533314,0.009254409311048054,0.009065739120805882,0.009358293348744681,0.009399375165945547,precancer
69,1359.592986111035,1626.2684357965802,1338.6602506092115,1089.7983885058848,0.5030827973858982,0.40522399137177956,0.511281686943137,0.6014332200888407,0.06985060477064736,0.06440570149490436,0.06845847856343831,0.07198250538759024,0.013235953017938803,0.012786995880502626,0.013151805997680127,0.013344780356302415,precancer
70,824.1082754629006,867.7309672460309,619.6580403759773,750.6370614546616,0.6727054954875986,0.6553147959481648,0.7534967315846078,0.7018246416734805,0.1628603714294293,0.1605584834227963,0.17633954655016432,0.1664212117821681,0.043289740825729346,0.04313302621812431,0.044613075886716466,0.04363862848219211,precancer
71,1043.76554994792,1302.5958888553778,1425.6203819443167,1368.489458603332,0.6706811866392277,0.5881979705805228,0.5489582316188747,0.567374857352865,0.1014337021431294,0.09489533656174615,0.09364370568942328,0.09306243425033485,0.023192116731864755,0.022538223335288023,0.02240223498234632,0.02237033331756421,precancer
72,1273.337708333198,1354.1959622374773,1078.0778019493314,1170.1300173556078,0.6208386359761929,0.5970089070186874,0.6796414187157607,0.6517868768941445,0.11743756101486144,0.11427169887340714,0.1224253732522224,0.1193942348267872,0.028017001938134584,0.02793681499028872,0.029114971487522144,0.028519671562047055,precancer
73,924.9290892166694,920.6076320202296,958.8383425104441,1135.1294515297236,0.828980868916458,0.8296105529304127,0.8224332388663005,0.7899038937287938,0.13507969483870857,0.13351844399381296,0.13424606745379997,0.12946278721003543,0.03337591555724475,0.03298967250922637,0.03296523870363354,0.03293734181516235,precancer
74,990.6207296657651,1129.4048672565038,953.0882012511976,1106.3118514661219,0.8031970043911235,0.7754762452874746,0.8106093936069456,0.7800722807234047,0.056311671165715324,0.05368848823148943,0.05830375733947159,0.052379058504837456,0.007811254900194546,0.007611837788689241,0.007968377497834725,0.00762970615594881,precancer
75,685.326379439619,695.6291370234661,596.3281085839818,762.2400565387538,0.635622697427813,0.6303390433279712,0.6833881558827855,0.5949404301530384,0.11504714375347432,0.1124342296121469,0.11590078496171485,0.11028254326303594,0.025587222102809285,0.025176919366181327,0.025463056909247706,0.025188178243047737,precancer
76,476.33401041662023,453.03045648329646,415.92389488343156,545.1501188091711,0.9007832567734195,0.9055800620123767,0.9134673254426842,0.8863800982754022,0.14470764478778275,0.1441720849164542,0.14867312643458708,0.14146899606117808,0.030577008492392754,0.030981827676709674,0.03140026675730428,0.030588153397493878,precancer
77,1870.0613368054426,1749.021936006301,1437.671003016719,1762.9178761125197,0.308410400389991,0.35273501117252826,0.46938026746996614,0.34759145320409657,0.04972813773928922,0.051720593224883996,0.05766182362807746,0.05085778294595145,0.011048627759590307,0.011232969927514247,0.011882306091695983,0.011214515408719634,normal
78,1929.7423350693264,2111.3275695384605,1867.8271957305385,1796.2247996553806,0.3170530872477917,0.2531883568211968,0.33995143398559863,0.3646165110318043,0.04691805220401984,0.0432602801097744,0.04712752732553685,0.04844690154947475,0.009784590209255513,0.009451802146522477,0.009838647153988833,0.009903228761384279,normal
79,575.1211255786832,611.5211119135455,545.0802616313032,532.9993127708361,0.22299689100179693,0.1726454489371853,0.26159296930293946,0.2788799201951246,0.10326769016284727,0.08923031517546336,0.09521463302931897,0.11199683080662999,0.023299864504196247,0.0222544227062479,0.022861739122056596,0.023990578845145806,normal
80,942.2097735528722,976.583270431931,1130.4341273163118,1303.823178032088,0.7177732303491924,0.7071194896444388,0.6610388088993738,0.6089939475167861,0.06929749960398092,0.06780487546348707,0.062262300403914166,0.05832708136766373,0.010195217892001049,0.01006366261287306,0.00972302893791562,0.009403320153863972,normal
81,785.8066161968392,1282.6364965289874,1365.4696006943846,1189.556833271281,0.6953421345811821,0.5012398182057519,0.46845974724654266,0.5374364313161207,0.08609539121385043,0.06860892137940004,0.0672701748553941,0.07125048026188768,0.015932296888633662,0.014620622335423104,0.014413566806167063,0.014808395478840547,normal
82,223.52217881943753,257.5545648325111,267.7839134470426,280.3766976890549,0.4856271539125345,0.4070545245147257,0.3841926601238525,0.3545319581288281,0.16824712935023345,0.1450440598739655,0.1376150281961461,0.1386638216715412,0.03545679770509872,0.03337905422183739,0.032798714078630546,0.032859641010847845,normal
83,1513.6917390044923,1426.9014554117832,1214.8859583479825,1603.1055129759566,0.4557407621368588,0.4874474028975806,0.5650535639298558,0.42413487375325837,0.08238073828014003,0.08362747957939072,0.0912089896855245,0.07969910293911787,0.016128258217750855,0.016504958816618395,0.01726546966546021,0.016021944805599177,normal
84,992.113333333253,1149.8655156549298,1073.6439697181395,1150.8797843964835,0.49955048209574143,0.4189208384652216,0.4584813487527107,0.41843927996534874,0.10823175148734251,0.1053489320667231,0.11552946837700673,0.10483798471924981,0.020791885853887332,0.020389576730422573,0.021217560025678765,0.020382320259515332,normal
85,469.8944635032411,436.8542953611674,405.62180193962973,568.5454544796818,0.5369615711352579,0.5693191518556149,0.6002282861813429,0.43948322756283076,0.11132376355910678,0.10949033837506679,0.1083897931856229,0.09943607379957077,0.022949408240527228,0.022823759392834906,0.022662063445940944,0.0220212599440455,normal
86,325.88228877314174,330.84573160789415,224.81608075183425,275.19403741323134,0.36094653194107046,0.35134768637510944,0.558737006716608,0.46046043272074305,0.15905223252825038,0.1579107466508964,0.17693834299163325,0.16458855655224766,0.036226755478142914,0.036100327902588936,0.03777123456266872,0.036711196468596316,normal
87,295.77974876040946,280.90113077674306,255.49540134505048,346.69091402041795,0.9080757597364207,0.9125989582341979,0.9205681514859261,0.8921310007967364,0.1385914138526064,0.1437574462696627,0.1442972913799912,0.12670963494933293,0.016974837981435495,0.01729170115037015,0.01734926497114373,0.016320138467421932,normal
88,1365.649671356109,1238.5180627854722,1111.1788568665959,1475.0280301057428,0.7059962069462787,0.7334734581987794,0.7610931039941636,0.6825801439050373,0.0875035183588034,0.09142322709597278,0.09472838086537541,0.08531421091787778,0.020089361741895802,0.02040976795852196,0.020777201462742968,0.020104073192926668,normal
89,302.62034073197975,423.37820507253986,394.34583861856527,407.9656768754272,0.9099266780971633,0.8740348737738401,0.8826843547968849,0.8786202217591709,0.19023933224897877,0.17716513866443342,0.17814057439427405,0.17677308006276812,0.03854206963751656,0.0379669689801125,0.037974234651449855,0.03785706807994441,normal
90,1405.6933651619233,1314.4066212785992,1076.5435839425695,1398.488506383215,0.4016624878807963,0.4407402508683172,0.5424707313153202,0.40503272828490694,0.06593138786094503,0.0709735593193627,0.0790037255185445,0.06552771464272743,0.013962217359555983,0.014463220368286457,0.015290299106178521,0.013933735431749323,normal
91,1879.0146064813603,1497.269123025796,1804.6458260820455,2133.3619659415685,0.41264233025902125,0.5313420230815724,0.4352720321182501,0.3322501403121303,0.07920608408788114,0.08529348280611745,0.0801314739333933,0.07260059388660649,0.020956069106288982,0.021363283452455736,0.020825075677298768,0.0198241822812467,normal
92,476.2617720825891,482.48815720973903,357.53016437684215,484.35385866731997,0.8259283920388168,0.8236481720776763,0.8693825632537759,0.8229608784037084,0.13876389915852694,0.13748008960450342,0.150389353743489,0.1391276603972378,0.027089472951136975,0.026991224709382568,0.027658509559296923,0.02715297937649071,normal
93,753.1699508101593,683.8535357359546,584.078915767528,791.0390876159335,0.5457829662366253,0.5880033495495249,0.6487516171879283,0.5234300548156713,0.15628535908169758,0.16307046680012285,0.16507169351027534,0.15267794728441839,0.038022420551456305,0.0385468999371321,0.039009935970411296,0.03761424055857838,normal
94,873.0403900484879,982.1928986637332,1130.9175380996578,1267.7330650990375,0.7747553525355703,0.7461889946069142,0.7081075519835407,0.6724153456082812,0.08369076468849808,0.07981164846264925,0.0745170632008958,0.07010672839721573,0.013638513658367966,0.01335994708344874,0.013150952318413957,0.012800004698633518,normal
95,1524.4871759258585,1255.0228707544052,894.9039157675597,1509.706454130457,0.4066069000371324,0.5119711834486296,0.6530816929679996,0.41294253733535713,0.045772522561189855,0.052249953169293865,0.06284757973672703,0.04503791780679937,0.009054984544720967,0.009459493191205042,0.010181563383977972,0.00903541849345887,normal
96,216.34860614624435,174.1271791312048,180.34002482250025,265.54802258656883,0.9616987130639851,0.9691941025095198,0.9681039976724071,0.9530200747899236,0.22246959657966206,0.22835877135288105,0.225139985768921,0.2101707727729097,0.0548251739562325,0.054707788543432084,0.05484479346597079,0.05437745472422488,normal
97,529.83292245366,528.6808169874213,414.1619445411604,532.3244187672151,0.58255714389846,0.5841967595199206,0.6768620747070191,0.5813482603979769,0.1270214914755136,0.12832590994366885,0.15396424925650937,0.12934985503519764,0.023314369384811743,0.02349940761911597,0.02561039831267854,0.023629029850137765,normal
98,942.4722569443504,1149.949578926659,1083.8784400743793,1071.8806929368036,0.6063867850241228,0.5174083095548185,0.5445965500348746,0.5501661566258583,0.06437647186871656,0.053254478002070914,0.05346319628770708,0.055465526809216,0.010653007442833248,0.009931917082800305,0.010038074979807424,0.010093151875141747,normal
99,923.3368894675632,914.0367318175886,565.629179719255,806.5087272282824,0.3968208521882017,0.40235650824672564,0.6313375087827161,0.47265343678416355,0.06309429407209263,0.06250087115817798,0.08308499221871489,0.065350897403363,0.01221627138708824,0.01217238427088564,0.013635852075324738,0.012427518179558214,normal
100,986.2600868055266,1301.1972027443258,1272.1056996171706,1119.3719074687199,0.4198460752809232,0.2368870433376174,0.2568810468734534,0.3435586406875122,0.0866135893728864,0.0725293622878116,0.07462135610167014,0.08092493991871191,0.01836987690507772,0.017037861673934486,0.01724252301773024,0.0179175330078265,normal
101,1916.7949739581975,1652.2810971207862,980.8462176587484,1767.0007833249745,0.4340995194676812,0.5123690211206999,0.7115476721260944,0.478507668267631,0.06230269805885039,0.06683178723304914,0.08556969637909743,0.06490122696372137,0.012318506964773258,0.012701926244182546,0.014155630066772788,0.01256039650417068,normal
102,1286.4963599536409,1077.9768671668328,786.8333159299862,1282.597921423004,0.5462099104330286,0.6204651954643555,0.7241690329811391,0.5483992051214747,0.08169137342710385,0.08582309228611443,0.09730795243624288,0.08128275769464233,0.017750786436231736,0.018124994729057688,0.019081616747455243,0.017851313670355376,normal
103,1934.8233391202405,1495.2974624937567,1101.0726012299426,1926.286152332098,0.46494995851942567,0.5865483996025767,0.6963881620026465,0.4673844855104091,0.060871652795217855,0.06871732591509352,0.07847573584477718,0.06025231891682791,0.013162106550504975,0.013813681093015217,0.014653860437306522,0.013188761268929481,normal
104,947.3346643518117,856.5417870288854,611.2096182852326,902.6400229465224,0.30976973221253934,0.37661120637640166,0.555819978328107,0.3430685057396703,0.08351314137403036,0.08655496570743906,0.10170354405665998,0.08483110497487614,0.016087076017842063,0.016445059793492128,0.01824857438665336,0.016433680010643326,normal
105,1129.2259519674963,1464.715542445257,1560.6306619098416,1558.3639955971903,0.471260231230971,0.31522217110927386,0.2715160139656575,0.2714417509762328,0.0966855872503914,0.08018501709281398,0.07600132415992286,0.07718095284987647,0.018396150153951556,0.01668850062351692,0.01611245639752771,0.01640653360918705,normal
106,755.5194375577246,745.3607640695318,605.6632583848254,779.3615470818421,0.8644907911341737,0.8663800692030245,0.8914709825101208,0.860288212526117,0.19596144916368857,0.19356242288335349,0.2010334109257784,0.19799012282968242,0.05465698289945456,0.05465088560439934,0.05517054179432636,0.05500385101315732,normal
107,1169.8306047452693,1236.6206786098282,1063.2134499363144,1134.433539696328,0.509847861014949,0.4826974742305902,0.5557840782750874,0.525459378888046,0.05948972354290454,0.05870115073942086,0.06517514627824159,0.058946078805428834,0.01271351073473149,0.012587795914104317,0.012986628329637383,0.012652927455598196,normal
108,279.5845832852946,289.9439318352513,196.76307293771654,282.5734527734174,0.8783890973485289,0.8738535821381175,0.9143947895794652,0.8770603712899231,0.20428836425423486,0.20305025234576501,0.2250186436297375,0.20739128971377216,0.03510490842152911,0.03504939678605771,0.03610725381074528,0.035251837839829776,normal
109,2819.4485850693,2583.4748316873356,1441.6268592645324,2352.1207659695856,0.2959631743197365,0.3556736111475539,0.6407642248677843,0.4134177572776009,0.046693828426155395,0.04865407402265244,0.06178443614153528,0.050515749358848276,0.00934453573842164,0.009533344185464756,0.010823335271424466,0.00967623249860704,normal
110,611.9839091434897,700.562226273148,578.963766098196,588.5586416158336,0.6352218661797148,0.5822211862049576,0.6561075826951291,0.6489941723464067,0.12788351596002465,0.12028859965682515,0.13538288535368687,0.13830271591282428,0.022947080034615867,0.022465011507912396,0.023432516536884992,0.02351734412728884,normal
111,557.0113915475358,481.78792512573415,306.42222478786005,547.890776649831,0.8858302960543375,0.9012651183722007,0.9372436436263082,0.8877189176312662,0.15459029086584772,0.15909308048513876,0.17859751211089653,0.15589652095166143,0.036379306841695484,0.03650276751543941,0.03731404987904784,0.036498072123546325,normal
112,1123.4567141375155,906.7249927698518,1048.3445246204662,1361.8522369713494,0.7639667723496905,0.8095269769405509,0.7796326968705657,0.7139243929547024,0.1836918428490118,0.18745636705181173,0.18589884382011193,0.17855184292856305,0.05507992070150525,0.05540278599759111,0.055452141273779454,0.054728011477795706,normal
113,904.1959474458521,820.1601032447325,649.1796664838713,956.5121095782272,0.8047643402707843,0.8229150408194453,0.8599247556726497,0.7934731280198549,0.17100208549308332,0.16976435254424907,0.17853828012125997,0.17326227544490194,0.049388733630203234,0.04927685024861198,0.04986795128570268,0.04949917282015201,normal
114,1240.0068460647099,1136.958911848375,1081.3968035735945,1358.5217176071294,0.355443661096594,0.4088718357200931,0.43940446161196406,0.2936209781904159,0.09729455476291025,0.10075441377472867,0.11065083641370956,0.09498997015034946,0.01876288456817287,0.01924853235580915,0.019971002205381883,0.018613431745616107,normal
115,381.4344126157273,385.1254135023208,311.86171249566087,377.3380352234213,0.3450798605226775,0.3393087091448365,0.4660637308964368,0.3526618635969663,0.10065535777901068,0.09941323971797096,0.11243968167147261,0.09936548368143171,0.021888910779220623,0.021751025562752897,0.022715801695397747,0.021801193959260248,normal
116,345.50006053967667,348.8118449591942,293.9849686832571,399.0387283821804,0.6003435167203677,0.5959558558958846,0.6594257710718401,0.537772485932667,0.10763473251236844,0.11085983971070883,0.12376357426770325,0.10518877046428216,0.02312069345045025,0.023413764149133966,0.024554901353442023,0.022977357220728804,normal
117,310.39797840755216,372.48295231065157,373.8240193673177,411.17413818028336,0.857328249827855,0.8272959636625331,0.8266822015406813,0.8093669865301067,0.10592766313041849,0.10011690352201952,0.09884674504479168,0.08967429050415628,0.014253108636494377,0.01384313828845343,0.01387188096239672,0.013255470858021883,normal
118,344.80929976850837,391.36220181243556,333.86392272886195,301.6453256767555,0.303075154746797,0.20926066055196577,0.32700532506820035,0.3905353435563647,0.13972738474115057,0.13011800500808893,0.13888578480067254,0.14599038888839194,0.02991014018224008,0.028944443614940203,0.029890735750678982,0.03050517648332802,normal
119,397.60266086257866,544.3560269534989,526.3155818853622,508.0590078951318,0.933535237103747,0.9089500643102839,0.911978745087269,0.9150210637086542,0.17753538686424547,0.1625044798194818,0.1629435837036571,0.16519842534925475,0.04405686779231992,0.043433219831138764,0.043403044110426704,0.04343794393439376,normal
120,755.2950405092012,823.0406746494574,681.8878437174302,663.1206232819717,0.5336919591363322,0.49216973632617245,0.5793861363687042,0.5908580963579977,0.17091889740257155,0.16690196922546865,0.17869178098582902,0.17890003271479366,0.04598453774077684,0.045720792510650164,0.04691833489082549,0.04676471417345627,normal
121,986.4124652777452,1006.1586684061432,676.141826197975,806.4058787215616,0.45290141204995127,0.44298627191880746,0.6263502821956201,0.5535917018469554,0.17161829712351812,0.17059111083486087,0.18012126874710216,0.173845591182639,0.05577417748197892,0.055701060239699195,0.056399768764571506,0.05591630717716625,normal
122,344.6529794165237,348.0985590548623,293.2489291693158,398.34248727511954,0.6010110321611405,0.5964679126806919,0.660014236760969,0.5382193902859301,0.10805222881121745,0.11142798590962355,0.12453753623983177,0.1055944935704491,0.023180252947325456,0.023474549748366498,0.024632172766463796,0.023029810540626854,normal
123,216.34860614624435,174.1271791312048,180.34002482250025,265.54802258656883,0.9616987130639851,0.9691941025095198,0.9681039976724071,0.9530200747899236,0.22246959657966206,0.22835877135288105,0.225139985768921,0.2101707727729097,0.0548251739562325,0.054707788543432084,0.05484479346597079,0.05437745472422488,normal
124,1465.0736834490008,1143.264254181684,884.2016475229731,1491.138267017718,0.45669544107593235,0.5767658435830654,0.674738648832195,0.4479509405734398,0.06068126089099355,0.06895394959382718,0.07767701712441157,0.06056163414234701,0.011956643668838453,0.01260263071711686,0.01332132233482434,0.011902579108299784,normal
125,799.253912036997,784.3219756092346,594.1271957304077,772.9521269161324,0.34670768250761475,0.35769674572312665,0.5130718160293378,0.36700666491480743,0.10130783578668477,0.10254542760019493,0.11614314812137994,0.10290537743264999,0.02280407470487899,0.02302573794455752,0.02429232379687997,0.023137685960737644,normal
126,1823.0608420136366,2005.2790383453732,1928.0584609586622,2243.9566841777705,0.670015209908685,0.6347239744682539,0.6487322206354849,0.5912478317762683,0.04326523254714921,0.04190821598920358,0.0445325338412704,0.03719081469202684,0.006834099332762404,0.00681931994291523,0.006963310557725574,0.006526937886770432,normal
127,50.710107282080166,59.018683875338795,48.599585802694094,63.92676155970066,0.9578543103971544,0.9509668461284935,0.9596491607778076,0.9468891866834104,0.3650034740666953,0.35879301325223745,0.3803961381834686,0.3533020112836249,0.05804504609379996,0.0574254971936709,0.05954937568364826,0.05693660138466317,normal
128,602.1236776620061,685.6099974374823,693.8410024365153,693.5724182314025,0.29645706816417366,0.1987294102299655,0.19151461809002765,0.18944066828543749,0.09286257928371484,0.08606027047583788,0.08833899490327476,0.08589471345795698,0.02112916527630124,0.02061135509555357,0.020789341557440694,0.020565926430706007,normal
129,1762.5054745369405,1362.7017192378762,933.5385108482035,1745.1126852025784,0.439218398057226,0.5666012455595014,0.7031784281224603,0.44498417600314344,0.07076744932924402,0.07605314762969825,0.0863442955421552,0.06986718747823616,0.01527991776297575,0.015723701532089237,0.016500197626772115,0.015199486401046233,normal
130,776.174354745347,695.7624866048964,617.6626116719345,796.7505998695774,0.330127386523483,0.39968512797070743,0.4673099861617996,0.31254573823697324,0.09794184181600527,0.10142929913384104,0.10856154840054918,0.09538869135744649,0.0217226139452556,0.022159058952768765,0.022932567961526096,0.02164989018871966,normal
131,871.6437702545858,875.2076218376334,694.8656137603534,854.4161988073081,0.2786123163295318,0.27643626326357834,0.42663703874546743,0.2935637702496069,0.05781111445981168,0.057977957898876095,0.07294126334605142,0.05924063476279948,0.014285298435048716,0.014317647337141658,0.015377369913291942,0.014388612790712667,normal
132,821.0613194443886,749.5586503518227,641.416272189405,857.9172820668631,0.2781893205105768,0.3406926475207442,0.43610366694307334,0.24531773594500503,0.06013335556589631,0.06663759684902228,0.07495145158983972,0.058342701507378775,0.014667677907620576,0.015119089044404947,0.01576124411106809,0.014514452922514727,normal
133,1143.9231163194077,1220.3132658529191,775.9045625943189,854.4663286819589,0.40644493966931183,0.366124961178629,0.5968204709115484,0.5561606090005222,0.13116285886820406,0.1281716048461258,0.14132940259041546,0.1383009368984863,0.03764812841798911,0.03737028204285068,0.03878086729814338,0.03846499232380854,normal
134,399.9788377825327,373.82194386600673,407.321860387928,548.0507548151619,0.5780048988348538,0.6053734503134773,0.5700751816616625,0.4214468960309764,0.11641204041057719,0.11268364098163347,0.11045230529072006,0.10322877435587301,0.024295939004312088,0.023979829698750333,0.023767688937974058,0.02327539565894973,normal
135,585.8078153934841,625.0843806784088,576.6548033414919,603.028729674349,0.6227445757119322,0.5984458487154645,0.6299665714864904,0.6126207846753076,0.15269704937774317,0.15630374777321632,0.156826172225885,0.14554560116058682,0.03259877258690221,0.03268041488436041,0.03298283019734781,0.03208136724226473,normal
136,1491.1902112267462,2573.1379496111404,2362.7182880846476,1779.2203181057228,0.6818053940746502,0.44815299511603524,0.492935732845844,0.6184184587171668,0.07888472834636959,0.05846907155101484,0.06115305076576897,0.07074789866216,0.014801360484710119,0.013354054571334937,0.013546183810442543,0.014201121559237967,normal
137,772.7372945601229,779.4294192331781,576.2912721894231,711.2272631972081,0.8004419337902511,0.7985730842221912,0.8510389233594897,0.8161998730266157,0.17019416703519175,0.17119754195613726,0.17945165698538648,0.17296924914416587,0.04434594360630958,0.04456713714139954,0.0453315854394253,0.0447211485189688,normal
138,785.2672699849714,1282.034442994989,1364.7823350693884,1188.9347365233764,0.6954577653501569,0.5013207537460852,0.4685637047825106,0.5375362952476551,0.0865408645772349,0.06902526184810838,0.06760827052412456,0.07171292567826665,0.016057457946119513,0.014741302489018664,0.014523775603584402,0.014923879495282382,normal
139,1226.2641869212314,1423.3315269301575,1192.252955679406,984.0446495131888,0.45950023242420934,0.3736080329165588,0.47537254500818693,0.5669243899175863,0.11930550379764863,0.11358139195026593,0.12049515515530516,0.12440577025403851,0.03473556330073833,0.03406666413980512,0.034972342127282965,0.03518385918444137,normal
140,925.2126157407056,944.5755049387694,677.9623941292912,815.3587278106861,0.3910414781231002,0.37692864178505264,0.5533137817360643,0.4621328077372933,0.0883090278230765,0.08808434843736974,0.10066998878935503,0.09354986571710519,0.020608147543827674,0.02065352846948606,0.02183058912062421,0.021103241651545777,normal
141,285.3889169165279,267.63935739486277,215.68932344282643,311.46006492565976,0.9412635608608083,0.9449315990880555,0.9557001117905705,0.9359138567869172,0.2627750846688752,0.2664887717299809,0.27439550430445,0.26003435396747665,0.07314482558085943,0.07321578081728698,0.07355669585076259,0.07300973884301211,normal
142,906.106611689788,932.6141091646601,631.2221806474478,754.5761310162042,0.350011963018231,0.33141226959185854,0.5484323964405878,0.4590614286958505,0.09085070483404818,0.0886949212015175,0.10266529328211699,0.09736308578419402,0.020673418937951524,0.0205420798766425,0.021765842337762097,0.021226353859873294,normal
143,435.67204571756946,395.13419314636445,415.64157674906807,506.4551000559323,0.6527621739774235,0.6855829705667191,0.670269258750068,0.596874412838067,0.1674477292405562,0.177491877129794,0.1723087813854398,0.15593430174349865,0.034829008126636044,0.03540951668931012,0.035048492437826095,0.0338110780858268,normal
144,1354.6984837961782,1343.9725020967828,1200.4693699966178,1368.0799631926125,0.3045033339935647,0.31061362168286094,0.38657710162985376,0.29818556565025955,0.10706465774976599,0.10742521496809591,0.11377580197052722,0.1065818422642873,0.02253755091602427,0.022684811262873347,0.02338591344510659,0.022418295779296875,normal
145,536.3458043981084,520.808364976981,549.58256468273,594.7537448167096,0.445670559127492,0.4625450535787355,0.43326335537969723,0.3862426221547678,0.1470584690441796,0.14985974497261897,0.14820079074852036,0.1403196683336792,0.03483414506369007,0.034889864086692715,0.034903358353165305,0.03423531278391227,normal
146,1337.946041666566,1295.3344593021566,1033.496742661657,1280.8719715324976,0.5257591435998954,0.5407121640879056,0.6326324497971979,0.5458367249169791,0.21287876222186927,0.215971731858771,0.22240277941868122,0.2131536377965976,0.06960161106811305,0.07024157212559257,0.07093387476964763,0.0697973084100734,normal
147,399.9788377825327,373.82194386600673,407.321860387928,548.0507548151619,0.5780048988348538,0.6053734503134773,0.5700751816616625,0.4214468960309764,0.11641204041057719,0.11268364098163347,0.11045230529072006,0.10322877435587301,0.024295939004312088,0.023979829698750333,0.023767688937974058,0.02327539565894973,normal
148,822.4949074073658,704.5915616409927,661.064375217594,919.144452080368,0.6712525606785805,0.7187954477004597,0.7367469201490346,0.633170707433259,0.10703261898190453,0.11640546410348136,0.11870430106976558,0.10281321110720465,0.02508430647568229,0.02603886105818025,0.026210028357282856,0.024709747584478192,normal
149,469.8944635032411,436.8542953611674,405.62180193962973,568.5454544796818,0.5369615711352579,0.5693191518556149,0.6002282861813429,0.43948322756283076,0.11132376355910678,0.10949033837506679,0.1083897931856229,0.09943607379957077,0.022949408240527228,0.022823759392834906,0.022662063445940944,0.0220212599440455,normal
150,852.460156249935,858.0241199972758,795.4011399234998,841.6471631412852,0.36594432562963675,0.3625551959224048,0.4107358124628645,0.37472951296690143,0.1085733037197342,0.11173448490784614,0.11579988442542727,0.10691266926817458,0.023935801956314454,0.024378052556938336,0.024938336341191077,0.023707237459622877,normal
151,1404.4558622684299,1352.2738579184156,1181.560146188759,1390.139641476159,0.5591845315595689,0.5749191865733932,0.6281699419893673,0.5630131617918276,0.1279261417051351,0.12864962196251875,0.1334879911379317,0.12736548298762992,0.03895472303749377,0.03931200059371515,0.04005930494653047,0.039171101860342374,normal
152,505.52330056505167,459.9959280466893,493.8018544709429,679.1021437040336,0.5515481556953978,0.5922280903969729,0.5628415670998689,0.3979958333908923,0.1066733930120806,0.1056611870016741,0.10433298366817212,0.09681239004275688,0.022027488458989858,0.02189613345599306,0.02178275582998243,0.02124589514132815,normal
153,1490.2527127537526,1286.405408062787,983.3420582462635,1495.33051651323,0.7989218955539438,0.8264234514608237,0.8672966894009608,0.7982326704375783,0.15707404353975174,0.16162287513697798,0.16923973000981912,0.15792202919522616,0.05031290330239459,0.050713700710478544,0.051223832918528174,0.05056870903369863,normal
154,1656.6617997684518,1347.9659646835216,806.2308504467594,1581.339459185725,0.5267960631250375,0.6152127309122718,0.7697673068527022,0.5485696758359838,0.06484211793376989,0.06931892861716768,0.08694391202325953,0.06476759103016053,0.01247447111521861,0.012767295147011012,0.013963337717808952,0.012492756849605225,normal
155,931.6311111110798,924.3505480362104,687.187974243,934.0829130364425,0.6785491757230889,0.6811120405236935,0.7631844533757468,0.677762045696234,0.10910262802685264,0.10857466016025671,0.12229769368669444,0.11187631137650765,0.02164993156669962,0.021573998731077963,0.022657828848078355,0.02195865456126566,normal
156,1277.723787615689,1027.9530791362745,959.1770100940681,1481.1616036901319,0.6070059404207505,0.6841355539228231,0.7061225454978293,0.5449074783192871,0.08176696306376863,0.09167816771708487,0.09627470667699888,0.0779062420507486,0.017077321632862727,0.01763098450735281,0.01806984902865792,0.016725603588414007,normal
157,2259.7201417823503,2049.356587499608,1130.7843021232898,1890.1612280437687,0.5187913556262044,0.5633591927810383,0.7591450078724833,0.5972802187583423,0.10776944239092014,0.10797445213449942,0.12103505766330758,0.10972250877473828,0.02938980773644554,0.0293642635620761,0.03049650256645965,0.029462294004418983,normal
158,2164.5291145831197,2332.3716162700944,1547.3459392042162,1498.7465434703272,0.43332846890394,0.38986788751698426,0.5968434331414537,0.6079717704346443,0.0546894024781117,0.05158935132964206,0.06329443747008849,0.06336298387363348,0.01055241251075955,0.010249647245830554,0.011335411537229783,0.01125194508592354,normal
159,711.768799189785,713.3624114755917,622.2273552616654,750.3105140241682,0.43821569450442527,0.4357824084907888,0.5086106343738052,0.40657510124163426,0.12113848518153061,0.12628384529080552,0.12390435056391992,0.11505059639400834,0.024683462495930994,0.025087140606662634,0.02499706577437216,0.024083822912333346,normal
160,1265.4938408095884,1353.8313949618923,1313.1944163828352,1583.7349253858215,0.7733076874919017,0.7576147060927305,0.7653488748737144,0.7164545774487512,0.09984435485796238,0.09883751211624392,0.10091613663076181,0.09481698293481446,0.024965797844443274,0.025136888756009015,0.025532431942166547,0.024989816683517744,normal
161,285.3889169165279,267.63935739486277,215.68932344282643,311.46006492565976,0.9412635608608083,0.9449315990880555,0.9557001117905705,0.9359138567869172,0.2627750846688752,0.2664887717299809,0.27439550430445,0.26003435396747665,0.07314482558085943,0.07321578081728698,0.07355669585076259,0.07300973884301211,normal
162,1212.9173741640188,967.2301282606886,697.9909094845088,1254.4818287638843,0.7956926708943349,0.8369898845784203,0.8822662659576486,0.7885797014113256,0.15229197677160594,0.15800530504705526,0.16861534637949513,0.15211946993900216,0.054259796416326056,0.0547770231241628,0.055430555588898416,0.05451960667452311,normal
163,631.6535908564452,722.160173903968,653.9759803922076,666.5657206588456,0.4900537867871962,0.41484780586053893,0.4713575592386993,0.459708660843414,0.13446043712091316,0.1193208633906487,0.12460077293443289,0.12948363537418447,0.027146005193279796,0.025754027830791445,0.026195986746329766,0.026662820493513924,normal
164,2521.282809606316,2438.9979383126906,1166.1084348533275,1931.5569293669978,0.33068506533939557,0.3525014795544887,0.6899809431457464,0.48721378186406555,0.047618103618307775,0.04815810443077242,0.06951149626186635,0.0551645284994817,0.009195836298522853,0.009230225933227516,0.010886837917267349,0.009793112650537394,normal
165,575.1211255786832,611.5211119135455,545.0802616313032,532.9993127708361,0.22299689100179693,0.1726454489371853,0.26159296930293946,0.2788799201951246,0.10326769016284727,0.08923031517546336,0.09521463302931897,0.11199683080662999,0.023299864504196247,0.0222544227062479,0.022861739122056596,0.023990578845145806,normal
166,2948.2944184026737,2524.895608139807,1234.1954635109635,2562.881295718427,0.2506200043827231,0.35790885195307337,0.6857476146648699,0.3482858212011732,0.04060209089078125,0.043262343084764704,0.06286682593274248,0.04410094380031719,0.008332386104296607,0.008584971500867369,0.010154305836951186,0.008654173307827919,normal
167,1130.7794531249183,1330.7663944929764,1157.0958260820178,1105.0711427806973,0.5290262289521107,0.4448660589957965,0.5171900427543107,0.5390058601605705,0.04851342207479154,0.042817285954314534,0.0478379123117696,0.049300443513352256,0.009872612041311962,0.00955054890341447,0.009875545978097615,0.009952317913422328,normal
168,993.7638917823552,1045.4295240647373,925.6616051746855,1052.1754734893411,0.3700860579148335,0.33803973025422773,0.41767053302990825,0.3337711546403278,0.09021611299608835,0.0861017533855011,0.09298727677051379,0.08690481867094282,0.019013161127224586,0.01861945246307444,0.01921650270100172,0.018696991274743585,normal
169,952.453838503266,977.1649184451452,731.5637353518637,936.3608284168149,0.8627607745343979,0.8591467093246097,0.894481421812787,0.8650286140798585,0.19559176437109724,0.19777950148603232,0.2078470815110243,0.19706394384960396,0.0744388919366718,0.07456047957208359,0.07505717810723939,0.07450864294102803,normal
170,628.0289127364289,510.22747050141123,459.41316457889457,668.8084916709379,0.8445063255014346,0.8736052008866524,0.8861341480891166,0.8343184368315119,0.20771051203747967,0.21249399268613292,0.21560753852531442,0.2055088939049956,0.06624866137071925,0.06644578480786766,0.06669884465365768,0.0661444124875421,normal
171,870.3910574262649,842.2673296603265,821.0792912601939,984.8173513504092,0.828630331653301,0.8340068713036928,0.8383431228231607,0.8059164513496333,0.15623063247728972,0.15807724405192078,0.15925546343528604,0.1526799826361808,0.04016512926958171,0.04039025618465404,0.04056169262909528,0.03986520607198873,normal
172,602.1236776620061,685.6099974374823,693.8410024365153,693.5724182314025,0.29645706816417366,0.1987294102299655,0.19151461809002765,0.18944066828543749,0.09286257928371484,0.08606027047583788,0.08833899490327476,0.08589471345795698,0.02112916527630124,0.02061135509555357,0.020789341557440694,0.020565926430706007,normal
173,632.033885995311,646.7482033034183,614.4259687899562,660.0010162838961,0.6675950828381914,0.6556872314435123,0.6737787068860267,0.6486310074704326,0.09961257370760518,0.0948640018787631,0.09274620617799392,0.09312833637863575,0.01655535401036426,0.016183347317667716,0.016021373471777775,0.016035849281068156,normal
174,1411.2818914322809,1423.7583636992756,781.7008868267836,1091.6153320028486,0.6025992746918448,0.5989493270034065,0.7796201950211112,0.6925100311868716,0.07960186745612904,0.07956519573528262,0.1045652578426279,0.08938113978019056,0.014913038450809669,0.014921455343422322,0.01666711228855038,0.015616469479274638,normal
175,587.6074557484396,693.5470132742247,866.3628189401531,941.4292281218038,0.8826165107646355,0.8613721795331762,0.8268964738872989,0.8118257528102489,0.1502504980641522,0.1464705116064151,0.13968303214528396,0.13569580566127606,0.03893763824852583,0.038853462374372455,0.03874536974394197,0.03848457526899614,normal
176,698.2819791666356,683.0081186227761,596.2961103376583,708.5000407678657,0.260100002365879,0.2750274485980558,0.3671527661752362,0.24795061435911622,0.127340142343602,0.13272429281573128,0.1355467549895897,0.12585577745644583,0.02905537285724813,0.029391182049008036,0.02989310322840422,0.028815475600654058,normal
177,2932.2630873840967,2845.897314564935,1713.9658661099575,2507.3734246147424,0.33914173198243625,0.3589376883475239,0.6142422887119574,0.435175769023505,0.034856450204998654,0.03541345058562709,0.047187924885515625,0.03756880933045138,0.006655893294222635,0.006683854765949939,0.007537600969493863,0.006851972906387144,normal
178,1352.6075376156246,1727.306844919323,2139.1324254555952,2208.5263797001317,0.5915530053607879,0.47657005751234904,0.3516198140899222,0.33074583165138277,0.0523059900423462,0.043495013886485655,0.036762867789130925,0.03542104099113725,0.008830662746993082,0.00822419233441639,0.007799730122422088,0.007729018139159962,normal
179,2337.794644097094,1592.9146525417004,2131.429545191031,2790.2475859620376,0.26617037221497986,0.5005820533037807,0.3321240430221902,0.12515136476138403,0.04494102373687307,0.054530668643459096,0.048261022593330656,0.038529486274408095,0.008915986096706845,0.00978553498795347,0.009248035927292477,0.008288481583967961,normal
180,2335.829592013712,2362.9447129946907,2170.8433867040126,2441.2916181337923,0.27092618393227397,0.26382197132016816,0.32527609453517314,0.2394171344500917,0.05578441173283307,0.056492396131245154,0.0597641624498061,0.05358556634778338,0.012356560872748909,0.012264989042771988,0.012665520477376898,0.011955623184749652,normal
181,2360.6406597220157,2448.6086637471813,2050.7072514215383,2302.5514227976387,0.33295062475609916,0.3078106739968721,0.4195436763721298,0.34910367614780885,0.03478217310841002,0.03228224273445755,0.037569436228736604,0.03496068702551562,0.0071997398549232434,0.007082815245751754,0.0073860919721640715,0.007215075280539404,normal
182,847.0900873501341,777.1063313377101,1000.9227125786723,1200.2452101045271,0.7563523069785311,0.77632670161214,0.7122991213953292,0.6545416889747925,0.0847923100850632,0.08766381192718421,0.07872295861845117,0.072827893007281,0.013785510723817208,0.013941767753482243,0.013459406097783112,0.013052689433114105,normal
183,541.8996100957407,483.6438147087179,358.5052531316826,534.0864227253708,0.8645336221969907,0.8791308113938516,0.9103516671805576,0.8665255416004285,0.19894854175601434,0.20219690664845552,0.21058810544531373,0.19929688495541503,0.05959681305712007,0.05986282599538815,0.06046520672758485,0.059663437581075576,normal
184,345.50006053967667,348.8118449591942,293.9849686832571,399.0387283821804,0.6003435167203677,0.5959558558958846,0.6594257710718401,0.537772485932667,0.10763473251236844,0.11085983971070883,0.12376357426770325,0.10518877046428216,0.02312069345045025,0.023413764149133966,0.024554901353442023,0.022977357220728804,normal
185,768.7970876095949,630.2212620740678,524.5848005541801,795.9298672565467,0.8000599001387259,0.8361346924034383,0.8637168771802292,0.793047550488495,0.15739857871572227,0.1627269316663532,0.16837360349233435,0.1559052140959351,0.045616601460940404,0.046072543998535054,0.04657590770170397,0.045575804950402234,normal
186,678.1766348379222,610.751822904584,616.6668784082221,762.8262416717615,0.7189428733420916,0.7461080032189885,0.7443157593810439,0.6828943982190828,0.10826727842108441,0.11545279030074129,0.11230227241194837,0.10238753177843002,0.020973426023915425,0.021261060172705907,0.021273861597304558,0.020532645233683724,normal
187,739.8996922567317,771.5625115679429,659.5317229983377,819.0626937647108,0.8669639402973074,0.8612740413003556,0.8815024921208429,0.8527334303059598,0.1615960779708588,0.15946473054040547,0.16426513048234873,0.1595317137152727,0.042362565755598436,0.042287721386317,0.04259619835764589,0.04214509845951732,normal
188,408.15855902775394,381.4692173741053,316.1534139691546,418.2563597819705,0.5511452703952501,0.5812660804252332,0.6560724642107251,0.5408943994936035,0.2316032858609946,0.23311998001705744,0.24287413644462502,0.2286617513734589,0.05752430921895041,0.05796005467378676,0.058902091510068824,0.0573918573109192,normal
189,872.7124681712658,864.1030552579261,567.7611352825586,777.8495434003148,0.7480085139193495,0.7505128696559303,0.8362334731591865,0.7754209687381878,0.12880058137415087,0.12976691869309553,0.14717143252962825,0.13334949791111797,0.03195578867894407,0.032063080626078246,0.03318251499015886,0.03241221180428759,normal
190,2694.201038772989,2165.180723803966,1418.7511573269433,2594.7135011417354,0.3148115692214106,0.45004749380103204,0.6411260882594104,0.3409314435096177,0.048958285503809595,0.05389302953577609,0.06490939976402839,0.04919699336254418,0.010402428460356536,0.010839253973309976,0.01207104457880054,0.010632049293388422,normal
191,881.8668865740383,1344.9738095793891,1649.7220704259244,1615.184148301836,0.6853893022617121,0.5191443427818693,0.4100112064607696,0.42261620487669077,0.06287794020621888,0.04827906334709324,0.043405643475799525,0.04371703566453466,0.010095350930063552,0.009133714836993366,0.008856396135664116,0.008841674088701986,normal
192,1180.4663859952627,1357.784949681008,1616.911306416208,1716.7127614967035,0.6796659994798111,0.6301482071945946,0.5596398264097056,0.5323794169423861,0.07348585285604885,0.06893646559745019,0.0632723553513687,0.06036655706850844,0.013502719885208044,0.013084234975488471,0.012703344204485253,0.012552582690171166,normal
193,2472.6296238424093,2454.133232190547,1375.7791072051532,1969.755605577253,0.4663438116575476,0.4706590686256566,0.7035243692013811,0.5751145855105051,0.0845614207974609,0.08435687433292602,0.10075933267279034,0.09078936589341621,0.01822680450689642,0.018307094548631397,0.019630416711556478,0.018767284529462525,normal
194,1606.6949508100674,1660.3599188139092,1425.0761225201047,1586.7872617995095,0.49601987091255484,0.47888763231840836,0.5531065281789672,0.5020042844192991,0.10268981631068287,0.09994835382757485,0.10685120572748298,0.10371057461542683,0.02230153836867366,0.021985724488472896,0.022656940912503244,0.022295336928359236,normal
195,1018.5102922453129,1072.4339939664235,961.2189726187042,1045.5691276849184,0.3767830542972565,0.3436888918562881,0.41232399603392816,0.36012484181905763,0.10525357619870565,0.10149072674667763,0.10991120890644901,0.11097390523998411,0.021822759751613185,0.02143635489147657,0.022151174462117857,0.022129400407784102,normal
196,975.9881846748762,1008.6461673605862,785.0148263869003,952.5886965699185,0.8160665224709481,0.8097807930782019,0.8521871564791986,0.8203537376360042,0.0957540886897768,0.09410637043527438,0.10265881459600469,0.09677805747237415,0.019008325566203785,0.018880302433210802,0.019407161719548194,0.019036669678891744,normal
197,723.7292421010636,814.3086500085781,708.823564769397,814.2866121521283,0.845433506286409,0.8260303385459713,0.8488588977319634,0.8260322031402717,0.11839842637748078,0.1152443863065239,0.11874377638677451,0.11489557171926583,0.024427227078424048,0.0244442760281299,0.02476044547629666,0.02427985573747606,normal
198,849.1203377249183,1131.9101256577653,1232.6286274028764,1246.0195268666132,0.7502644143084256,0.6664096386049478,0.6370714627206415,0.6327770083802856,0.07335681142748857,0.06155383841355398,0.06266212078700927,0.0631532575560903,0.010914247583941682,0.010061639762284922,0.010050964139218199,0.010067034100856903,normal
